aqi,dt,co,no,no2,o3,so2,pm2_5,pm10,nh3
3,1696208400,1255.04,23.92,19.36,0.33,35.76,34.55,41.3,7.92
3,1696212000,1268.39,23.92,21.42,0.93,36.24,34.43,41.53,7.35
3,1696215600,1108.17,17.43,24.68,2.53,32.9,28.62,34.56,6.21
2,1696219200,674.25,4.3,20.39,14.13,19.07,13.88,16.85,3.61
2,1696222800,560.76,3.35,19.02,26.46,20.27,11.0,13.65,3.48
2,1696226400,560.76,3.63,21.25,33.62,24.08,11.74,14.6,3.86
2,1696230000,594.14,2.21,27.42,28.25,27.42,13.02,16.31,4.43
2,1696233600,647.54,2.43,33.93,16.63,32.42,15.34,19.0,5.0
2,1696237200,700.95,3.27,37.7,8.4,34.81,17.13,20.71,5.13
2,1696240800,867.84,9.72,39.76,1.7,41.01,21.7,25.95,5.89
3,1696244400,1188.28,24.36,38.04,0.03,51.5,31.57,37.8,7.73
3,1696248000,1548.77,38.44,38.73,0.0,63.9,46.91,56.34,11.02
4,1696251600,2162.93,60.8,43.53,0.0,85.83,73.45,87.77,14.82
5,1696255200,2429.96,76.0,45.93,0.0,100.14,92.61,108.68,15.58
5,1696258800,2376.56,76.89,43.87,0.0,97.27,97.81,113.18,14.82
5,1696262400,2002.72,60.8,38.39,0.0,78.2,82.49,94.84,12.03
4,1696266000,1562.12,40.68,33.93,0.0,56.74,60.77,69.03,8.49
3,1696269600,1308.44,25.26,31.87,0.0,41.96,47.75,52.93,6.4
3,1696273200,1174.93,13.97,29.47,0.06,30.52,40.59,43.97,5.19
3,1696276800,1174.93,10.17,28.79,0.13,27.18,39.75,42.69,5.07
3,1696280400,1188.28,10.39,28.45,0.11,28.37,40.74,43.8,5.38
3,1696284000,1228.33,14.53,28.45,0.03,32.9,42.33,45.8,5.83
3,1696287600,1281.74,22.13,28.1,0.0,40.05,45.12,49.37,6.71
4,1696291200,1508.71,33.53,27.76,0.01,51.02,54.03,60.56,9.12
4,1696294800,1895.9,51.86,30.5,0.76,69.62,68.59,78.14,11.91
4,1696298400,1949.31,52.75,37.36,4.38,75.34,72.6,83.09,11.78
4,1696302000,1668.93,33.08,43.87,17.17,63.9,63.58,72.44,10.26
3,1696305600,1068.12,9.95,29.82,42.2,34.81,37.11,41.57,6.33
3,1696309200,841.14,5.09,27.42,49.35,31.47,29.79,33.38,5.83
3,1696312800,794.41,3.05,33.24,47.21,35.76,29.87,33.53,6.33
3,1696316400,774.38,3.46,34.62,50.78,38.15,31.96,35.79,6.78
3,1696320000,747.68,3.44,34.62,53.64,37.67,32.54,36.78,7.35
3,1696323600,727.65,2.65,31.19,52.21,32.42,29.65,34.24,7.22
3,1696327200,867.84,1.2,36.33,51.5,33.38,40.19,45.87,7.54
4,1696330800,1028.06,0.05,39.07,48.64,33.38,52.28,58.54,7.28
3,1696334400,1054.76,0.01,37.7,35.76,30.28,48.75,55.01,6.52
3,1696338000,1081.47,0.78,40.1,12.87,30.04,40.96,47.75,6.46
3,1696341600,1068.12,4.64,36.33,1.83,29.33,36.43,43.86,6.65
3,1696345200,1054.76,9.5,30.5,0.22,28.37,35.05,42.89,6.97
3,1696348800,1014.71,11.73,26.39,0.07,26.46,32.52,39.83,6.78
3,1696352400,921.25,12.29,23.99,0.04,24.56,28.05,34.68,6.14
3,1696356000,847.82,12.29,22.62,0.04,24.32,25.47,31.93,6.08
2,1696359600,774.38,10.73,21.59,0.08,22.89,22.93,29.12,6.02
2,1696363200,734.33,10.62,21.25,0.09,23.84,21.9,27.91,6.14
2,1696366800,734.33,12.29,21.08,0.05,26.46,22.3,28.37,6.46
2,1696370400,747.68,15.65,21.25,0.02,31.47,23.67,29.98,6.84
2,1696374000,761.03,16.54,20.56,0.02,31.95,23.92,30.29,7.03
2,1696377600,834.47,16.76,19.88,0.55,31.47,24.84,31.76,7.66
3,1696381200,934.6,18.78,20.91,1.32,34.81,25.4,32.25,7.54
2,1696384800,934.6,18.33,22.62,1.54,36.72,24.3,30.69,7.16
2,1696388400,841.14,13.63,24.33,1.9,34.81,21.68,27.31,6.71
2,1696392000,640.87,6.98,19.54,15.74,25.03,14.26,18.05,5.0
2,1696395600,580.79,6.54,17.65,28.61,24.8,12.35,15.62,4.81
2,1696399200,587.46,6.59,18.16,43.27,26.7,14.14,17.59,5.26
2,1696402800,587.46,4.47,18.51,60.08,25.51,16.41,19.84,5.32
2,1696406400,600.81,2.46,19.88,65.09,23.6,18.11,21.27,5.26
2,1696410000,634.19,0.85,21.08,63.66,21.46,20.39,23.35,5.13
3,1696413600,1161.58,0.89,38.73,33.26,26.23,32.89,38.91,8.99
4,1696417200,1949.31,7.49,52.78,3.49,32.9,54.36,65.61,12.03
5,1696420800,2616.88,24.81,49.35,0.02,40.53,82.13,99.91,14.69
5,1696424400,3364.56,42.02,49.35,0.0,50.07,120.31,146.71,17.99
5,1696428000,3391.27,46.49,45.93,0.0,50.07,134.19,164.11,16.97
5,1696431600,2750.4,38.0,41.47,0.0,43.39,114.74,142.6,14.57
5,1696435200,2029.42,25.93,37.7,0.0,35.29,83.2,105.98,11.78
4,1696438800,1642.23,21.9,34.62,0.0,30.99,65.47,84.1,9.63
4,1696442400,1441.96,21.01,31.53,0.0,30.28,57.61,73.47,8.74
4,1696446000,1308.44,19.89,28.45,0.0,28.13,54.01,67.2,8.61
4,1696449600,1321.79,21.23,25.7,0.0,26.7,56.0,68.49,9.37
4,1696453200,1401.9,25.03,23.99,0.0,28.61,60.85,73.36,10.51
4,1696456800,1508.71,32.19,22.96,0.0,33.86,67.14,80.27,11.4
4,1696460400,1562.12,37.1,21.59,0.0,38.15,68.71,82.85,11.53
4,1696464000,1642.23,40.23,21.76,1.01,46.25,67.13,83.3,12.54
3,1696467600,1388.55,37.1,28.45,4.38,59.13,49.41,61.82,10.39
3,1696471200,1348.5,30.4,34.96,11.98,60.08,46.37,57.93,10.13
3,1696474800,1121.52,15.2,37.7,35.76,51.02,42.5,52.08,8.99
3,1696478400,774.38,4.47,25.36,69.38,31.95,32.24,38.2,6.4
3,1696482000,694.27,2.29,24.33,72.24,29.33,28.62,33.17,5.95
3,1696485600,720.98,0.96,28.79,60.08,31.47,27.99,32.22,6.46
3,1696489200,761.03,0.02,32.22,41.48,32.9,27.85,31.86,6.71
3,1696492800,847.82,0.16,36.67,26.11,35.76,30.59,34.72,6.97
3,1696496400,961.3,0.47,39.41,17.88,35.76,34.99,39.12,6.59
3,1696500000,1214.98,2.91,49.35,6.79,42.92,45.13,50.5,7.54
4,1696503600,1548.77,12.52,50.72,0.28,51.02,57.37,65.24,8.99
4,1696507200,1762.39,21.9,47.3,0.01,55.31,68.5,79.17,10.64
5,1696510800,2590.18,40.23,47.3,0.0,61.99,103.47,123.7,16.21
5,1696514400,3471.37,58.11,44.55,0.0,61.99,147.82,180.65,20.01
5,1696518000,3791.81,63.48,41.13,0.0,56.74,171.36,211.17,20.52
5,1696521600,3631.59,59.9,38.04,0.0,47.21,165.36,200.98,19.0
5,1696525200,3417.97,59.9,36.33,0.0,41.96,153.58,184.07,16.47
5,1696528800,3417.97,64.37,35.3,0.0,43.87,154.18,181.86,17.23
5,1696532400,3284.45,67.06,33.24,0.0,44.35,154.73,180.08,17.48
5,1696536000,3177.64,70.63,30.16,0.0,44.35,157.72,180.97,18.75
5,1696539600,3231.05,77.78,27.76,0.0,46.73,168.9,191.68,21.53
5,1696543200,3311.16,86.72,27.08,0.0,51.5,179.21,201.77,22.55
5,1696546800,3284.45,88.51,23.99,0.0,50.07,177.07,199.4,19.76
5,1696550400,3150.94,79.57,22.28,0.16,51.5,156.47,180.46,18.49
5,1696554000,1815.8,54.54,27.42,0.19,66.76,78.1,92.2,11.53
4,1696557600,1575.47,44.26,26.73,0.66,60.56,58.38,70.16,10.39
3,1696561200,1214.98,25.93,27.42,2.77,47.21,41.04,49.87,8.99
2,1696564800,727.65,4.69,23.31,23.25,24.8,20.4,24.67,5.13
2,1696568400,620.84,1.49,22.62,31.83,22.89,15.01,18.18,4.56
2,1696572000,627.52,0.64,25.02,31.83,24.8,14.33,17.36,4.75
2,1696575600,680.92,0.23,29.82,25.03,29.56,16.13,19.37,5.26
2,1696579200,767.71,0.43,35.3,16.09,34.81,20.03,23.6,5.76
2,1696582800,854.49,0.68,37.36,11.98,35.76,23.78,27.45,5.7
3,1696586400,1108.17,5.81,44.55,3.31,44.82,31.34,36.28,6.84
3,1696590000,1535.42,23.47,45.24,0.04,61.04,44.63,52.35,9.12
4,1696593600,2002.72,45.6,46.61,0.0,82.02,64.87,76.31,12.29
5,1696597200,5020.14,118.02,52.78,0.0,100.14,189.0,221.63,26.09
5,1696600800,8865.36,200.27,54.84,0.0,104.9,370.97,427.83,36.48
5,1696604400,11322.02,253.92,54.15,0.0,110.63,518.0,585.1,46.1
5,1696608000,12924.19,293.25,53.47,0.0,117.3,627.79,690.23,57.25
5,1696611600,13458.25,314.71,52.78,0.0,112.53,663.39,714.66,57.25
5,1696615200,12390.14,300.41,50.04,0.0,99.18,620.95,658.25,53.7
5,1696618800,10787.96,268.22,45.24,0.0,82.97,556.27,583.09,50.16
5,1696622400,9826.66,253.92,39.41,0.0,68.66,531.21,554.06,43.06
5,1696626000,9292.6,250.34,35.3,0.0,58.17,527.72,548.47,35.97
5,1696629600,8758.54,243.19,31.87,0.0,51.02,506.3,526.13,28.63
5,1696633200,8651.73,246.76,26.73,0.0,41.48,510.74,530.59,20.27
5,1696636800,8865.36,250.34,21.93,0.0,39.1,523.24,546.15,17.73
5,1696640400,3177.64,80.47,31.19,0.09,47.68,166.69,180.98,9.63
5,1696644000,2136.23,48.28,30.16,0.19,48.16,95.16,107.6,9.5
4,1696647600,1575.47,35.32,29.82,0.3,48.64,62.83,72.75,8.87
3,1696651200,867.84,11.29,26.73,9.83,31.47,26.29,31.18,5.38
2,1696654800,674.25,6.76,22.28,29.33,28.13,17.32,20.79,4.88
2,1696658400,660.9,5.25,21.76,57.22,29.56,19.02,22.32,5.07
3,1696662000,794.41,4.92,27.76,73.67,34.81,27.97,32.38,6.97
3,1696665600,934.6,5.2,35.64,50.07,36.72,31.9,37.14,7.6
3,1696669200,1001.36,4.25,39.07,19.49,31.47,29.47,34.27,6.08
3,1696672800,1161.58,7.71,39.76,1.97,30.28,29.83,34.66,5.83
3,1696676400,1455.31,20.56,36.67,0.04,37.67,37.13,43.4,7.16
4,1696680000,1789.09,34.42,36.67,0.0,50.54,51.54,60.77,10.01
5,1696683600,2456.67,55.43,42.84,0.0,71.53,84.15,99.09,15.96
5,1696687200,3150.94,76.89,46.61,0.0,86.78,123.44,145.38,21.53
5,1696690800,3631.59,92.98,47.3,0.0,93.46,157.43,185.66,25.59
5,1696694400,4058.84,107.29,43.87,0.0,88.69,189.17,223.69,28.88
5,1696698000,4753.11,130.53,41.81,0.0,82.97,228.12,265.9,30.15
5,1696701600,5233.76,151.99,44.55,0.0,82.97,266.36,300.41,32.17
5,1696705200,5554.2,164.51,45.24,0.0,74.39,297.81,330.47,35.97
5,1696708800,5767.82,171.66,43.87,0.0,62.94,327.26,357.12,38.5
5,1696712400,5981.45,177.03,43.87,0.0,57.7,354.8,380.46,38.0
5,1696716000,6141.66,180.6,47.3,0.0,57.7,379.02,402.82,36.98
5,1696719600,6248.47,184.18,44.55,0.0,52.45,397.58,422.09,29.64
5,1696723200,6729.13,191.33,39.41,0.28,54.36,424.98,455.77,25.08
5,1696726800,2857.21,93.88,49.35,1.65,81.06,186.43,204.49,9.88
5,1696730400,2510.07,80.47,50.04,2.66,85.83,142.62,160.71,11.91
5,1696734000,2002.72,56.33,52.09,4.74,77.25,102.85,119.32,11.53
3,1696737600,1094.82,18.33,42.5,10.01,45.78,46.2,55.65,7.28
3,1696741200,827.79,8.49,36.67,12.52,35.76,28.32,35.46,6.46
2,1696744800,741.0,4.81,34.96,15.02,32.9,22.44,28.69,6.52
2,1696748400,694.27,1.56,32.56,18.06,28.61,19.49,24.44,6.27
2,1696752000,707.63,0.74,32.9,19.67,28.61,20.55,24.32,6.52
2,1696755600,694.27,0.18,30.16,21.64,25.27,20.17,23.0,6.02
2,1696759200,767.71,0.27,32.9,17.17,25.51,21.12,23.93,5.57
3,1696762800,934.6,1.59,38.39,6.62,28.37,26.12,29.8,5.76
3,1696766400,1041.41,5.2,37.36,1.27,29.56,32.38,37.4,6.4
3,1696770000,1335.14,13.75,34.27,0.08,31.95,47.26,56.48,9.5
4,1696773600,1668.93,21.68,31.19,0.01,32.42,64.7,79.5,12.29
5,1696777200,1842.5,24.14,28.1,0.0,30.04,75.18,92.9,13.93
4,1696780800,1842.5,23.47,25.7,0.0,25.75,74.98,91.07,13.81
4,1696784400,1735.69,21.9,24.33,0.0,21.46,67.91,80.84,11.65
4,1696788000,1682.28,23.47,23.31,0.0,22.89,66.88,78.54,11.27
4,1696791600,1602.17,23.02,21.93,0.0,22.65,66.26,77.33,11.27
4,1696795200,1548.77,23.47,20.91,0.0,23.84,66.07,76.79,10.77
4,1696798800,1535.42,27.05,20.56,0.0,27.18,67.79,78.52,10.39
4,1696802400,1508.71,30.85,20.39,0.0,30.99,67.35,78.08,9.88
4,1696806000,1455.31,33.53,19.19,0.0,34.33,62.73,73.92,10.01
4,1696809600,1588.82,39.79,18.85,0.31,42.44,63.25,77.82,12.29
4,1696813200,1495.36,41.13,25.7,1.61,57.7,52.77,66.17,11.15
3,1696816800,1415.25,29.5,38.04,11.09,58.65,47.38,60.55,10.64
3,1696820400,1148.22,11.62,43.18,57.94,49.59,43.3,55.3,9.63
2,1696824000,694.27,3.05,19.36,88.69,24.08,24.53,30.19,5.0
2,1696827600,560.76,1.84,14.91,70.81,18.36,15.62,19.24,4.05
2,1696831200,520.71,1.02,15.08,50.07,15.97,10.62,13.65,3.77
1,1696834800,500.68,0.76,14.57,36.84,14.31,8.12,10.98,3.74
1,1696838400,534.06,1.06,17.65,28.97,16.93,8.5,11.65,4.31
1,1696842000,574.11,1.44,20.56,22.17,19.55,9.05,12.55,4.81
2,1696845600,1148.22,9.83,31.53,4.96,28.13,20.34,28.49,10.39
3,1696849200,2002.72,31.74,28.45,0.06,34.33,38.5,54.1,15.45
4,1696852800,2536.77,44.26,26.05,0.0,37.67,57.77,80.59,16.72
5,1696856400,3204.35,59.01,26.73,0.0,45.78,90.74,122.88,18.75
5,1696860000,3898.62,75.1,27.08,0.0,50.54,129.82,171.26,19.51
5,1696863600,4379.27,86.72,26.05,0.0,50.54,167.36,214.86,19.51
5,1696867200,4325.87,88.51,22.96,0.0,43.39,175.32,218.16,16.97
5,1696870800,3952.03,85.83,20.56,0.0,37.19,161.25,194.32,13.3
5,1696874400,3685.0,86.72,19.54,0.0,37.67,154.1,181.34,12.29
5,1696878000,2349.85,59.01,20.91,0.0,41.48,95.48,110.03,9.75
4,1696881600,1762.39,45.6,21.76,0.0,42.44,70.07,79.73,8.99
4,1696885200,1522.06,40.68,23.99,0.0,44.82,61.05,69.09,8.61
4,1696888800,1428.6,38.89,28.45,0.0,51.5,59.0,66.57,8.49
4,1696892400,1455.31,38.44,32.56,0.0,57.7,60.86,69.13,8.61
4,1696896000,1682.28,42.92,34.62,0.05,64.85,69.74,81.03,10.51
4,1696899600,1762.39,44.26,34.96,0.25,68.66,64.26,74.98,9.88
4,1696903200,1842.5,54.09,37.01,0.15,81.06,62.8,73.4,10.01
4,1696906800,1869.2,64.37,39.76,0.05,99.18,67.04,77.98,11.27
4,1696910400,1548.77,52.75,37.7,0.48,90.6,55.03,63.77,9.37
4,1696914000,1508.71,54.54,41.47,0.01,97.27,53.76,62.03,9.25
4,1696917600,1628.88,56.77,53.47,0.0,103.95,60.58,69.9,8.87
4,1696921200,1642.23,50.07,66.49,0.0,99.18,63.26,73.05,7.85
4,1696924800,1548.77,36.21,79.51,0.0,87.74,61.37,71.27,7.22
3,1696928400,1295.09,14.75,80.2,0.22,65.8,47.29,55.9,6.52
3,1696932000,1335.14,11.73,68.55,0.54,58.17,37.55,46.64,7.92
3,1696935600,1735.69,25.93,60.32,0.05,67.71,43.01,54.78,10.13
4,1696939200,2082.82,43.36,54.84,0.0,80.11,56.64,71.56,12.03
5,1696942800,3578.19,78.68,50.72,0.0,85.83,113.04,143.33,21.03
5,1696946400,5287.17,113.55,45.93,0.0,81.06,188.9,241.07,28.37
5,1696950000,6195.07,130.53,40.78,0.0,74.39,243.13,312.08,30.91
5,1696953600,6248.47,130.53,35.64,0.0,63.9,256.28,328.03,25.33
5,1696957200,5500.79,116.23,31.19,0.0,49.59,221.16,280.81,15.96
5,1696960800,4219.06,88.51,28.1,0.0,41.01,167.04,209.46,11.02
4,1696964400,1869.2,38.0,28.45,0.0,41.48,69.74,84.34,7.35
4,1696968000,1415.25,28.16,28.79,0.0,40.53,54.46,62.88,7.09
4,1696971600,1348.5,28.16,30.16,0.0,42.44,54.98,61.77,7.35
4,1696975200,1348.5,32.63,31.53,0.0,49.59,58.33,64.67,7.54
4,1696978800,1361.85,36.21,32.22,0.0,55.31,62.06,68.52,7.6
4,1696982400,1441.96,36.66,32.56,0.01,57.7,65.96,73.48,8.49
4,1696986000,1562.12,38.44,35.99,1.45,66.76,66.05,74.86,9.12
5,1696989600,1815.8,48.73,49.35,7.6,91.55,76.17,87.19,11.02
5,1696993200,2136.23,47.83,82.25,27.18,120.16,104.53,117.64,12.67
5,1696996800,1922.61,21.01,89.11,81.54,103.0,115.07,125.85,8.87
5,1697000400,1735.69,8.05,76.09,133.04,89.65,128.64,137.66,6.97
5,1697004000,1762.39,3.69,69.92,171.66,90.6,149.98,158.76,6.52
5,1697007600,2483.37,3.1,89.11,145.91,98.23,199.65,213.31,11.15
5,1697011200,4058.84,3.41,131.61,89.41,123.98,292.78,314.24,16.21
5,1697014800,5874.63,2.54,180.96,34.33,167.85,390.31,417.12,19.25
5,1697018400,7370.0,14.08,213.86,6.79,196.46,442.63,473.4,22.29
5,1697022000,7904.05,29.06,213.86,0.47,175.48,437.71,473.13,21.03
5,1697025600,7797.24,34.87,200.15,0.0,143.05,427.44,468.92,20.01
5,1697029200,7156.37,32.19,174.11,0.0,110.63,413.65,462.57,20.52
5,1697032800,6408.69,31.74,141.2,0.0,87.74,377.2,430.78,20.01
5,1697036400,5767.82,38.0,111.04,0.0,75.34,333.11,389.01,19.51
5,1697040000,5126.95,47.83,85.68,0.0,66.76,279.04,333.09,17.23
5,1697043600,4165.65,50.96,62.38,0.0,54.36,203.35,250.91,13.43
5,1697047200,2964.02,43.81,43.87,0.0,42.92,132.35,172.1,10.77
5,1697050800,2590.18,46.94,32.22,0.0,34.81,118.51,155.52,11.27
5,1697054400,2990.72,65.27,26.39,0.0,35.29,147.7,180.07,14.95
5,1697058000,3524.78,84.94,24.33,0.0,42.44,188.09,220.0,22.55
5,1697061600,4005.43,100.14,25.7,0.0,51.5,226.92,259.3,32.17
5,1697065200,4539.49,118.02,24.68,0.0,53.41,267.82,301.15,31.16
5,1697068800,5714.42,146.63,25.36,0.03,65.8,327.36,367.29,28.88
5,1697072400,2670.29,102.82,58.26,1.02,150.68,155.34,179.4,14.06
5,1697076000,2777.1,102.82,67.17,4.16,165.94,148.55,173.84,15.33
5,1697079600,2750.4,89.41,87.05,12.16,167.85,144.34,169.46,16.47
5,1697083200,1949.31,33.53,93.22,39.7,119.21,108.66,126.65,10.77
5,1697086800,1735.69,14.08,98.71,56.51,108.72,107.55,123.29,9.12
5,1697090400,1762.39,5.48,108.3,47.21,111.58,111.66,127.52,8.99
5,1697094000,1922.61,3.97,130.24,9.66,125.89,114.31,130.3,10.77
5,1697097600,2429.96,27.05,137.09,0.41,156.4,129.98,148.22,13.93
5,1697101200,2964.02,51.86,132.98,0.2,181.2,141.03,161.29,15.96
5,1697104800,3337.86,69.74,119.27,0.08,177.38,145.07,166.67,15.71
5,1697108400,3524.78,76.0,108.3,0.0,154.5,148.65,170.9,14.57
5,1697112000,3337.86,71.53,100.08,0.0,127.79,148.33,170.78,13.81
5,1697115600,3738.4,72.42,85.0,0.0,93.46,166.51,195.44,16.47
5,1697119200,4592.9,84.04,69.92,0.0,74.39,211.46,252.48,21.03
5,1697122800,5287.17,97.45,59.63,0.0,68.66,255.0,306.25,25.33
5,1697126400,5554.2,108.18,52.09,0.0,62.94,281.11,334.69,26.6
5,1697130000,5500.79,116.23,47.3,0.0,52.93,286.17,329.52,21.53
5,1697133600,5340.58,119.81,45.24,0.0,46.25,294.2,328.7,18.49
5,1697137200,4806.52,103.71,46.61,0.0,38.62,284.09,308.82,15.45
5,1697140800,4112.24,78.68,52.78,0.0,34.33,256.64,273.46,12.54
5,1697144400,3471.37,59.01,57.58,0.0,33.38,226.89,238.94,10.51
5,1697148000,2857.21,47.39,67.17,0.0,44.82,195.13,205.2,7.66
5,1697151600,2536.77,41.13,64.43,0.0,45.78,175.22,185.29,7.41
5,1697155200,2456.67,37.1,57.58,0.32,45.3,163.82,175.17,8.87
5,1697158800,2189.64,34.87,52.78,1.9,54.84,140.23,151.0,7.6
5,1697162400,2296.45,44.7,58.95,1.97,77.25,139.83,152.46,10.26
5,1697166000,2429.96,56.33,69.23,0.83,103.0,147.14,161.87,13.05
5,1697169600,1842.5,27.49,75.4,1.79,83.92,114.58,125.0,8.36
5,1697173200,1655.58,21.9,78.83,4.52,83.92,105.35,114.59,6.9
5,1697176800,1789.09,26.38,85.0,6.44,95.37,109.57,119.04,7.22
5,1697180400,2056.12,33.53,91.85,5.1,106.81,117.92,129.02,9.37
5,1697184000,2269.74,38.0,94.59,2.15,108.72,130.92,144.11,11.4
5,1697187600,2296.45,26.6,90.48,0.6,89.65,131.99,145.06,10.89
5,1697191200,2964.02,29.06,80.88,0.01,66.76,143.63,158.8,12.54
5,1697194800,4592.9,64.37,74.71,0.0,67.71,187.59,210.45,18.24
5,1697198400,6141.66,101.92,74.71,0.0,86.78,252.31,286.81,28.88
5,1697202000,7476.81,130.53,98.71,0.0,122.07,346.21,393.74,45.09
5,1697205600,8651.73,150.2,120.64,0.0,141.14,440.01,498.71,52.69
5,1697209200,9399.41,169.87,128.87,0.0,146.87,519.97,587.99,55.22
5,1697212800,10574.34,202.06,119.27,0.0,137.33,611.01,680.88,56.24
5,1697216400,11322.02,228.88,98.71,0.0,109.67,665.38,725.94,49.14
5,1697220000,11001.59,232.46,80.2,0.0,81.06,663.97,706.37,39.52
5,1697223600,8972.17,187.75,61.01,0.0,51.5,567.78,595.27,32.93
5,1697227200,7049.56,144.84,46.61,0.0,34.81,469.81,489.62,24.83
5,1697230800,5928.04,119.81,43.18,0.0,30.52,417.08,433.4,17.23
5,1697234400,3845.21,73.31,94.59,0.0,53.88,360.76,375.56,1.69
5,1697238000,3150.94,57.22,90.48,0.0,52.45,320.69,335.14,2.44
5,1697241600,2777.1,43.81,71.97,0.44,48.16,269.99,284.91,5.89
5,1697245200,2296.45,35.76,61.69,1.39,56.27,203.78,216.26,4.88
5,1697248800,2243.04,36.66,61.69,2.26,65.8,176.59,188.84,7.35
5,1697252400,2216.34,33.53,63.75,3.08,70.57,152.66,164.91,10.13
5,1697256000,1441.96,5.53,49.35,18.95,40.53,81.95,88.48,6.52
4,1697259600,1201.63,1.56,40.44,27.54,35.29,58.73,63.34,5.7
4,1697263200,1201.63,1.19,43.53,23.96,39.1,54.14,58.41,6.14
4,1697266800,1214.98,0.91,43.87,17.52,39.58,50.04,53.96,6.4
3,1697270400,1214.98,1.2,42.84,10.82,37.67,47.52,51.23,6.4
3,1697274000,1214.98,1.12,37.7,8.4,32.42,44.06,47.48,5.57
3,1697277600,1348.5,4.08,38.39,2.86,34.33,47.36,51.62,6.02
4,1697281200,1562.12,12.18,38.73,0.11,40.05,54.99,60.53,6.97
4,1697284800,1695.63,16.76,38.04,0.02,41.48,61.36,68.12,7.85
5,1697288400,2269.74,27.27,39.76,0.0,42.92,86.25,99.18,12.03
5,1697292000,3124.24,45.15,41.13,0.0,47.21,129.05,149.78,16.72
5,1697295600,3952.03,63.48,42.84,0.0,52.93,174.24,199.62,20.77
5,1697299200,4486.08,76.0,44.55,0.0,56.74,199.89,225.51,21.03
5,1697302800,4379.27,77.78,46.61,0.0,55.79,192.16,213.12,16.72
5,1697306400,4058.84,74.21,50.72,0.0,59.6,176.62,193.85,14.19
5,1697310000,2670.29,56.33,48.67,0.0,68.66,119.48,129.61,8.99
5,1697313600,2243.04,51.86,43.18,0.0,66.76,101.73,110.58,9.12
5,1697317200,2162.93,55.43,40.44,0.0,71.53,99.96,109.04,10.64
5,1697320800,2189.64,63.48,42.16,0.0,82.02,105.98,116.11,12.41
5,1697324400,2189.64,70.63,41.47,0.0,90.6,110.27,121.56,12.92
5,1697328000,2296.45,78.68,39.41,0.01,97.27,116.92,130.66,14.19
5,1697331600,2590.18,88.51,41.13,0.02,109.67,130.79,147.08,15.33
5,1697335200,2830.51,93.88,42.16,0.03,116.35,138.54,156.24,15.58
5,1697338800,2777.1,88.51,40.44,0.12,112.53,129.48,146.94,15.58
5,1697342400,2109.53,38.0,49.35,7.78,72.48,86.38,97.21,10.77
4,1697346000,1789.09,13.86,55.52,16.63,55.79,67.78,75.12,8.49
4,1697349600,1735.69,8.72,55.52,25.39,53.41,65.17,71.4,7.98
4,1697353200,1708.98,7.15,54.84,24.68,53.41,60.64,66.41,7.92
4,1697356800,1735.69,9.16,58.95,16.99,60.08,61.16,67.39,8.61
4,1697360400,1815.8,12.85,63.75,8.85,67.71,64.41,71.23,8.87
4,1697364000,2029.42,23.02,69.23,1.97,79.15,74.23,82.27,9.63
5,1697367600,2296.45,36.66,65.12,0.05,85.83,84.28,94.18,10.39
5,1697371200,2349.85,42.47,57.58,0.0,81.06,89.2,100.96,11.4
5,1697374800,2403.26,43.81,54.84,0.0,78.2,96.39,110.13,12.92
5,1697378400,2323.15,44.7,51.41,0.0,75.34,99.58,114.49,13.55
5,1697382000,2189.64,41.13,47.3,0.0,67.71,96.49,110.7,13.55
5,1697385600,2082.82,35.32,43.18,0.0,54.36,91.12,103.82,12.79
5,1697389200,2082.82,33.08,39.76,0.0,44.82,88.49,99.56,11.4
5,1697392800,2136.23,34.87,38.04,0.0,43.87,89.77,100.14,11.02
5,1697396400,2056.12,33.53,36.33,0.0,41.96,88.65,98.44,10.77
5,1697400000,1895.9,29.95,33.93,0.0,39.58,82.9,91.88,10.13
5,1697403600,1789.09,27.27,33.24,0.0,41.96,78.03,85.95,9.37
4,1697407200,1668.93,24.59,35.3,0.0,49.11,73.28,79.76,8.11
4,1697410800,1682.28,25.7,34.27,0.0,51.5,74.75,81.47,8.49
5,1697414400,1789.09,29.5,31.53,0.25,53.41,80.18,88.36,9.88
5,1697418000,1895.9,30.85,32.9,0.82,57.22,77.84,86.49,9.63
4,1697421600,1949.31,32.19,39.07,1.32,64.85,71.95,80.84,9.37
4,1697425200,1976.01,36.21,44.55,1.86,77.25,69.67,79.26,10.01
4,1697428800,1842.5,26.82,51.41,5.72,74.39,61.51,70.63,8.99
4,1697432400,1642.23,12.63,58.26,8.14,66.76,52.27,60.45,8.49
3,1697436000,1522.06,5.87,58.26,13.77,63.9,47.33,54.81,8.23
4,1697439600,1575.47,8.49,59.63,18.24,69.62,51.96,60.02,9.25
4,1697443200,1815.8,13.19,67.86,11.98,83.92,67.37,76.72,10.64
5,1697446800,2029.42,16.09,71.97,7.6,88.69,81.34,91.51,10.89
5,1697450400,2216.34,18.33,74.03,1.22,86.78,89.11,99.86,10.89
5,1697454000,2323.15,25.93,71.29,0.02,86.78,94.56,106.36,11.27
5,1697457600,2349.85,29.95,69.23,0.0,86.78,100.22,112.72,11.91
5,1697461200,2349.85,29.95,67.86,0.0,83.92,105.38,118.46,12.29
5,1697464800,2269.74,28.61,62.38,0.0,79.15,106.0,119.2,12.03
5,1697468400,2136.23,26.15,54.15,0.0,69.62,100.49,112.52,11.02
5,1697472000,1922.61,21.46,45.93,0.01,57.22,86.69,95.68,8.99
4,1697475600,1655.58,16.99,39.41,0.02,46.25,66.22,71.76,6.4
3,1697479200,1361.85,12.41,33.93,0.09,37.67,47.25,50.89,5.07
3,1697482800,1148.22,7.26,29.82,0.45,30.52,32.97,35.74,4.43
3,1697486400,1108.17,7.49,27.42,0.34,29.33,29.2,31.97,4.81
3,1697490000,1161.58,11.51,26.39,0.07,32.42,30.86,33.95,5.45
3,1697493600,1268.39,18.33,27.08,0.01,38.62,34.98,38.5,6.02
3,1697497200,1388.55,23.69,27.08,0.0,41.48,39.24,43.2,6.65
3,1697500800,1628.88,28.61,27.42,0.04,43.87,47.61,53.03,8.23
4,1697504400,1976.01,36.66,29.82,0.37,51.5,58.36,65.81,10.01
4,1697508000,2136.23,37.1,37.01,1.79,60.08,64.33,72.82,10.51
4,1697511600,2082.82,26.15,47.98,6.79,61.99,64.41,72.44,10.01
3,1697515200,1562.12,6.59,39.76,33.97,41.48,45.03,49.92,6.46
3,1697518800,1361.85,1.96,35.3,50.07,35.76,36.34,40.12,5.64
3,1697522400,1321.79,0.68,34.27,50.07,34.81,31.82,35.31,5.76
3,1697526000,1588.82,0.62,44.55,25.39,39.1,37.79,43.61,8.74
4,1697529600,1976.01,5.14,51.41,3.98,44.35,51.26,60.23,11.15
4,1697533200,2323.15,16.32,48.67,0.34,49.59,64.93,76.22,12.92
5,1697536800,2750.4,31.74,46.61,0.03,56.74,79.12,92.28,14.82
5,1697540400,2803.8,40.23,43.53,0.0,57.22,83.43,97.52,13.68
5,1697544000,2403.26,36.21,41.47,0.0,55.31,78.87,92.49,11.91
5,1697547600,3845.21,65.27,40.44,0.0,59.6,153.22,183.02,20.01
5,1697551200,5981.45,109.97,37.01,0.0,66.76,270.32,322.01,30.91
5,1697554800,7263.18,139.47,34.62,0.0,82.97,362.73,428.85,49.14
5,1697558400,8010.86,159.14,35.64,0.0,103.95,416.76,487.54,72.96
5,1697562000,8438.11,177.03,35.3,0.0,103.0,445.03,500.44,73.97
5,1697565600,8972.17,202.06,34.62,0.0,94.41,489.38,532.68,65.86
5,1697569200,8865.36,209.21,32.56,0.0,80.11,500.75,535.21,55.73
5,1697572800,8117.68,198.48,29.47,0.0,75.34,473.26,500.27,56.74
5,1697576400,7263.18,185.97,27.08,0.0,79.15,440.19,463.01,63.84
5,1697580000,6675.72,178.81,25.02,0.0,82.97,419.23,440.65,68.9
5,1697583600,6248.47,173.45,20.56,0.0,68.66,394.47,417.05,51.68
5,1697587200,6248.47,168.09,17.99,0.02,61.99,371.68,401.26,35.46
5,1697590800,2590.18,91.2,29.47,0.07,92.51,135.3,150.09,14.69
5,1697594400,2296.45,91.2,30.85,0.04,104.9,109.42,123.04,13.3
5,1697598000,1949.31,75.1,30.16,0.08,95.37,85.62,97.49,11.78
3,1697601600,1081.47,20.79,31.53,0.53,47.21,36.71,42.07,6.33
2,1697605200,867.84,8.05,29.82,0.92,35.76,22.77,26.36,5.0
2,1697608800,827.79,5.14,29.47,1.42,32.9,18.97,22.05,4.69
2,1697612400,881.2,7.49,28.79,1.41,35.76,19.81,23.28,5.45
2,1697616000,974.66,13.41,28.79,0.82,41.48,23.91,27.93,6.33
3,1697619600,1068.12,16.76,29.13,0.32,42.44,27.17,31.36,6.14
3,1697623200,1255.04,23.02,30.5,0.14,46.73,33.62,38.51,6.65
3,1697626800,1468.66,31.29,31.87,0.01,52.93,41.49,47.72,7.85
3,1697630400,1575.47,35.76,32.56,0.0,57.22,48.93,56.96,9.37
5,1697634000,3578.19,81.36,33.59,0.0,70.57,141.35,168.36,23.05
5,1697637600,6622.31,150.2,34.62,0.0,92.51,303.37,352.27,41.04
5,1697641200,9399.41,216.36,38.39,0.0,131.61,478.95,534.83,72.96
5,1697644800,11535.64,268.22,45.93,0.0,179.29,623.97,680.32,109.43
5,1697648400,12496.95,303.98,50.72,0.0,186.92,697.12,742.75,109.43
5,1697652000,12710.57,332.59,52.78,0.0,162.12,733.21,768.13,83.09
5,1697655600,12283.33,339.75,50.72,0.0,129.7,697.26,723.57,57.25
5,1697659200,11856.08,350.48,51.41,0.0,125.89,658.49,680.14,53.7
5,1697662800,11642.46,364.78,55.52,0.0,141.14,634.74,656.4,59.78
5,1697666400,11001.59,368.36,58.26,0.0,148.77,630.63,657.41,63.33
5,1697670000,10253.91,361.2,50.04,0.0,115.39,637.56,668.3,47.12
5,1697673600,10360.72,364.78,42.5,0.01,90.6,673.62,711.8,31.66
5,1697677200,4325.87,227.09,71.29,0.04,185.01,377.71,400.53,2.06
5,1697680800,3685.0,202.06,67.17,0.1,181.2,314.09,335.98,5.89
5,1697684400,3231.05,164.51,61.01,0.19,154.5,261.23,281.26,8.49
5,1697688000,1628.88,45.6,51.41,2.39,65.8,101.03,109.88,5.7
4,1697691600,1174.93,12.29,51.41,5.9,45.78,51.04,56.63,5.45
3,1697695200,1134.87,7.82,53.47,8.31,46.73,41.47,46.83,5.95
3,1697698800,1188.28,9.28,58.26,3.0,54.36,39.86,45.8,6.9
4,1697702400,1522.06,30.85,67.17,1.02,89.65,54.97,62.89,9.5
5,1697706000,2109.53,57.22,89.11,0.6,139.24,87.13,97.14,11.15
5,1697709600,2696.99,76.0,101.45,0.34,156.4,122.31,135.34,10.77
5,1697713200,2937.32,81.36,93.22,0.02,137.33,133.63,148.99,10.39
5,1697716800,2510.07,55.43,69.92,0.0,85.83,108.48,122.8,9.37
5,1697720400,2403.26,41.13,52.09,0.0,52.93,97.77,114.53,11.65
5,1697724000,2670.29,43.36,44.55,0.0,46.73,110.07,132.42,14.44
5,1697727600,2830.51,47.39,40.78,0.0,48.64,122.51,149.05,16.97
5,1697731200,3017.43,54.54,38.04,0.0,51.98,134.28,163.62,19.76
5,1697734800,3177.64,65.27,35.99,0.0,54.36,142.65,168.96,20.01
5,1697738400,3391.27,80.47,35.99,0.0,64.85,161.26,185.01,23.05
5,1697742000,3337.86,86.72,34.62,0.0,66.76,169.05,190.47,24.32
5,1697745600,3044.13,83.15,32.22,0.0,56.27,161.43,179.82,18.75
5,1697749200,2803.8,79.57,30.5,0.0,46.73,153.55,169.85,14.31
5,1697752800,2803.8,79.57,29.82,0.0,41.96,153.89,169.25,12.03
5,1697756400,2964.02,82.25,28.45,0.0,40.53,159.66,175.72,11.53
5,1697760000,3417.97,88.51,27.42,0.09,45.3,178.15,199.1,13.93
5,1697763600,2910.61,87.62,69.23,1.04,97.27,186.13,206.85,6.84
5,1697767200,3284.45,94.77,85.68,1.52,121.12,220.87,245.08,7.73
5,1697770800,3578.19,106.39,93.22,0.94,148.77,235.73,262.74,9.37
5,1697774400,2750.4,67.06,100.08,4.16,125.89,179.86,198.49,6.52
5,1697778000,2296.45,42.92,106.93,4.02,109.67,142.77,156.74,6.59
5,1697781600,1922.61,23.47,95.96,8.31,84.88,103.87,115.17,6.27
4,1697785200,1508.71,11.62,74.03,30.4,62.94,72.41,81.14,5.89
4,1697788800,1308.44,8.61,60.32,62.23,57.22,60.03,67.48,6.33
4,1697792400,1201.63,5.59,51.41,82.25,49.59,52.51,59.27,6.4
5,1697796000,2510.07,7.15,78.83,36.84,51.5,83.51,96.67,12.92
5,1697799600,5126.95,41.57,97.33,0.35,67.71,155.1,180.26,20.27
5,1697803200,7370.0,92.98,95.96,0.0,91.55,244.76,282.95,28.88
5,1697806800,8438.11,121.59,104.19,0.0,112.53,325.94,376.71,40.02
5,1697810400,8651.73,134.11,104.19,0.0,111.58,379.06,439.6,39.01
5,1697814000,8117.68,128.75,98.71,0.0,95.37,395.86,462.93,33.44
5,1697817600,7370.0,116.23,93.22,0.0,74.39,377.9,444.03,27.61
5,1697821200,6622.31,109.08,85.0,0.0,57.7,350.36,400.2,22.55
5,1697824800,5874.63,98.35,74.71,0.0,43.87,321.7,359.43,19.51
5,1697828400,4806.52,76.89,62.38,0.0,31.95,276.22,301.38,17.73
5,1697832000,4058.84,63.48,54.15,0.0,29.09,244.83,262.07,16.72
5,1697835600,3845.21,60.8,51.41,0.0,32.42,238.49,252.82,16.47
5,1697839200,3150.94,53.2,69.23,0.0,55.31,227.84,239.64,9.25
5,1697842800,3150.94,63.48,79.51,0.0,77.25,248.75,261.87,7.66
5,1697846400,3685.0,82.25,84.31,0.0,98.23,277.3,294.16,9.75
5,1697850000,3791.81,83.15,89.11,0.25,115.39,255.42,273.37,7.98
5,1697853600,2910.61,55.88,65.8,1.65,85.83,149.4,163.55,7.79
4,1697857200,1628.88,26.6,45.24,6.08,56.74,57.12,66.77,7.28
2,1697860800,881.2,7.93,36.33,25.39,39.1,21.33,27.17,5.32
2,1697864400,774.38,3.16,36.67,40.05,38.15,18.22,23.11,5.07
2,1697868000,794.41,1.84,37.36,42.56,36.72,18.54,23.01,5.0
2,1697871600,841.14,1.03,41.47,32.19,39.1,19.56,23.77,5.13
2,1697875200,907.9,1.16,46.61,21.46,44.35,22.07,26.5,5.57
2,1697878800,961.3,0.89,50.04,14.48,45.78,24.07,28.9,5.89
3,1697882400,1188.28,3.86,53.47,7.78,48.64,28.8,35.04,6.97
3,1697886000,1628.88,15.65,58.95,0.4,61.04,41.51,50.31,8.74
4,1697889600,2029.42,32.63,61.01,0.0,76.29,59.39,71.47,10.39
5,1697893200,2723.69,49.17,61.69,0.0,75.34,90.66,109.62,12.92
5,1697896800,3524.78,65.27,57.58,0.0,68.66,129.64,154.42,15.2
5,1697900400,3898.62,73.31,53.47,0.0,61.99,156.16,182.1,16.47
5,1697904000,3791.81,70.63,52.09,0.0,52.93,156.6,179.52,15.07
5,1697907600,3284.45,65.27,51.41,0.0,49.59,135.87,152.98,10.39
5,1697911200,2590.18,65.27,54.15,0.0,62.94,120.88,132.39,7.03
5,1697914800,1789.09,46.04,55.52,0.0,61.04,94.42,102.08,5.45
5,1697918400,1455.31,31.29,50.04,0.0,41.96,78.86,85.87,6.08
4,1697922000,1348.5,23.25,43.87,0.0,28.37,73.99,80.75,7.03
5,1697925600,1428.6,19.67,39.76,0.01,22.41,76.82,83.7,8.23
5,1697929200,1548.77,16.09,37.01,0.02,20.5,78.6,86.05,8.87
5,1697932800,1708.98,15.65,33.24,0.53,21.46,79.61,89.32,10.26
4,1697936400,1428.6,12.74,32.56,5.1,29.8,56.56,63.35,7.22
3,1697940000,1308.44,10.51,32.22,24.68,33.38,48.01,54.21,6.84
4,1697943600,1241.68,7.49,32.9,70.1,38.15,53.68,60.22,7.28
4,1697947200,1121.52,3.69,26.39,140.19,36.72,63.96,69.91,6.78
5,1697950800,1108.17,2.04,23.31,205.99,42.44,84.57,90.4,6.65
5,1697954400,1241.68,1.37,23.31,266.08,54.36,116.67,122.96,6.97
5,1697958000,1428.6,1.15,30.5,306.13,70.57,149.44,156.67,7.85
5,1697961600,1708.98,0.87,49.35,314.71,95.37,194.36,203.33,8.11
5,1697965200,1815.8,0.29,61.01,271.8,99.18,200.09,209.88,7.16
5,1697968800,2056.12,0.06,69.23,175.95,83.92,174.82,185.66,7.79
5,1697972400,2750.4,0.0,91.85,94.41,85.83,186.31,200.41,8.99
5,1697976000,3257.75,0.0,116.53,50.07,90.6,229.64,248.04,9.5
5,1697979600,4592.9,6.31,138.46,7.6,79.15,318.21,352.67,24.07
5,1697983200,6248.47,27.49,146.69,0.0,92.51,430.51,484.54,53.7
5,1697986800,7156.37,42.92,153.54,0.0,111.58,516.32,574.54,85.12
5,1697990400,6729.13,45.6,139.83,0.0,103.95,509.67,553.92,90.18
5,1697994000,5233.76,35.32,98.71,0.0,61.04,415.0,439.25,55.73
5,1697997600,3898.62,22.13,61.69,0.05,29.8,324.56,335.31,20.27
5,1698001200,1522.06,0.0,30.16,53.64,20.98,134.24,137.32,2.79
5,1698004800,1268.39,0.0,30.85,41.84,23.6,96.16,99.4,4.31
5,1698008400,1335.14,0.27,45.24,18.95,36.72,92.14,96.59,6.71
5,1698012000,1495.36,9.39,65.12,0.87,63.9,103.31,110.2,10.01
5,1698015600,1682.28,25.48,73.34,0.01,83.92,121.46,130.74,10.77
5,1698019200,1842.5,27.94,71.29,1.81,80.11,133.42,145.0,10.89
5,1698022800,2029.42,23.02,70.6,8.31,73.43,130.64,143.26,10.89
5,1698026400,2189.64,20.56,79.51,15.02,82.02,127.19,140.97,11.65
5,1698030000,2216.34,16.54,93.22,21.82,94.41,125.22,139.7,12.29
5,1698033600,1762.39,7.15,84.31,35.05,80.11,97.71,109.07,10.01
5,1698037200,1482.01,4.69,75.4,36.84,71.53,81.99,90.92,8.36
5,1698040800,1441.96,3.63,76.09,32.19,71.53,78.4,86.4,7.98
5,1698044400,1482.01,5.59,82.94,17.17,78.2,77.2,85.31,8.87
5,1698048000,1682.28,19.22,87.74,4.11,96.32,85.76,95.5,10.77
5,1698051600,2002.72,43.36,87.74,1.3,118.26,101.49,113.43,12.16
5,1698055200,2910.61,82.25,98.71,0.56,148.77,143.77,160.13,15.07
5,1698058800,4112.24,114.44,109.67,0.03,156.4,195.01,217.18,16.09
5,1698062400,4646.3,109.97,109.67,0.0,129.7,219.19,246.24,15.71
5,1698066000,4699.71,81.36,102.82,0.0,96.32,220.38,252.55,16.72
5,1698069600,4646.3,64.37,90.48,0.0,75.34,216.96,254.7,18.49
5,1698073200,4592.9,59.01,78.83,0.0,67.71,220.23,263.09,20.52
5,1698076800,5607.6,80.47,68.55,0.0,66.76,273.92,320.04,27.87
5,1698080400,6515.5,106.39,59.63,0.0,71.53,321.99,368.57,38.5
5,1698084000,6622.31,118.02,56.21,0.0,84.88,330.46,371.44,51.68
5,1698087600,6301.88,119.81,53.47,0.0,93.46,327.24,361.71,68.9
5,1698091200,5714.42,113.55,43.53,0.0,79.15,311.02,339.43,67.89
5,1698094800,5020.14,101.92,33.24,0.0,54.84,279.5,301.63,44.58
5,1698098400,4058.84,83.15,28.45,0.0,40.05,219.46,236.46,20.52
5,1698102000,3578.19,75.1,22.96,0.0,37.67,181.6,198.59,16.47
5,1698105600,3685.0,80.47,18.85,0.05,44.82,172.54,194.66,19.0
5,1698109200,3044.13,83.15,30.5,0.15,73.43,132.34,155.86,18.49
5,1698112800,2456.67,85.83,41.81,0.15,104.9,110.38,131.33,13.81
5,1698116400,2964.02,89.41,43.87,0.36,99.18,117.32,145.96,21.53
3,1698120000,1321.79,23.47,47.98,13.05,59.6,49.02,60.31,9.25
3,1698123600,988.01,8.49,42.84,44.35,47.21,33.86,40.74,7.22
4,1698127200,1121.52,6.03,48.67,100.14,62.94,52.79,60.08,7.92
4,1698130800,1068.12,3.16,50.04,101.57,59.6,51.58,58.1,7.35
4,1698134400,1134.87,2.01,57.58,101.57,65.8,61.23,67.93,7.16
4,1698138000,1121.52,0.7,56.89,107.29,58.17,64.5,71.9,6.14
4,1698141600,1562.12,0.17,71.97,68.66,61.04,68.52,79.46,9.75
5,1698145200,2590.18,2.15,105.56,13.95,74.39,91.59,108.12,15.58
5,1698148800,3524.78,19.89,124.75,0.03,93.46,133.79,157.31,21.03
5,1698152400,3845.21,14.31,159.03,0.75,109.67,227.17,259.31,22.04
5,1698156000,5073.55,35.32,154.91,0.0,95.37,309.01,358.37,30.4
5,1698159600,5554.2,47.39,138.46,0.0,82.02,359.14,418.75,34.96
5,1698163200,4325.87,51.86,105.56,0.0,81.06,245.56,288.4,40.02
5,1698166800,4005.43,50.96,93.22,0.0,72.48,228.72,263.65,41.04
5,1698170400,3898.62,54.09,86.37,0.0,76.29,219.1,248.91,44.58
5,1698174000,4966.74,67.95,74.03,0.0,64.85,313.75,338.9,47.12
5,1698177600,4325.87,59.01,60.32,0.0,50.54,259.05,276.28,35.46
5,1698181200,3685.0,49.17,54.15,0.0,41.01,219.13,232.29,23.05
5,1698184800,2777.1,33.08,58.26,0.0,44.82,182.09,193.15,11.91
5,1698188400,2670.29,38.0,56.21,0.0,51.98,179.99,192.92,10.26
5,1698192000,2937.32,55.88,56.89,0.0,70.57,207.98,225.93,11.27
5,1698195600,2964.02,91.2,98.71,0.29,152.59,278.81,296.86,3.61
5,1698199200,5180.36,189.54,101.45,0.14,169.75,379.92,409.55,13.68
5,1698202800,3070.83,110.86,112.41,3.49,185.01,255.24,272.93,7.92
5,1698206400,2056.12,54.99,91.85,11.44,118.26,151.28,163.32,8.99
5,1698210000,1895.9,51.86,85.68,1.45,82.02,94.33,105.31,9.25
4,1698213600,1468.66,41.13,61.01,3.44,72.48,55.33,64.28,8.99
5,1698217200,2109.53,35.76,104.19,7.15,116.35,124.59,135.83,8.04
3,1698220800,1415.25,45.6,53.47,2.1,82.97,39.77,49.02,10.39
5,1698224400,2029.42,38.0,104.19,5.32,94.41,114.41,127.34,7.79
5,1698228000,2002.72,67.06,58.26,0.69,88.69,56.49,71.22,14.57
5,1698231600,2162.93,54.09,78.14,0.07,94.41,76.89,91.66,12.03
5,1698235200,4486.08,118.02,67.17,0.0,94.41,121.98,151.17,19.0
5,1698238800,2510.07,64.37,67.86,0.0,101.09,85.96,106.09,16.72
5,1698242400,2536.77,59.9,63.06,0.0,91.55,90.11,113.97,17.48
5,1698246000,2376.56,51.41,56.21,0.0,79.15,87.33,113.53,16.21
5,1698249600,2483.37,49.62,48.67,0.0,63.9,92.89,123.29,13.93
5,1698253200,2723.69,53.64,42.84,0.0,50.07,139.09,179.19,16.21
5,1698256800,3417.97,83.15,30.85,0.0,49.11,126.43,161.88,16.72
5,1698260400,2456.67,54.09,33.93,0.0,42.92,95.12,125.07,12.79
5,1698264000,2296.45,58.11,32.9,0.0,49.59,94.61,119.92,11.91
5,1698267600,2349.85,66.16,27.08,0.0,45.78,103.51,127.37,16.21
5,1698271200,2002.72,57.22,26.39,0.0,45.78,91.08,111.94,15.71
5,1698274800,1922.61,56.33,25.36,0.0,48.16,87.22,107.88,15.2
4,1698278400,1308.44,61.69,50.04,1.43,102.04,56.69,71.03,10.51
4,1698282000,1575.47,68.84,45.24,5.99,105.86,60.83,77.15,12.16
4,1698285600,1735.69,65.27,47.98,9.57,103.95,61.07,79.01,13.05
4,1698289200,1708.98,54.99,58.26,14.48,105.86,60.78,79.41,13.81
3,1698292800,1041.41,19.89,52.78,35.76,67.71,35.89,46.79,8.11
3,1698296400,814.44,8.16,48.67,47.21,54.84,27.42,35.59,6.27
2,1698300000,727.65,3.44,45.24,50.07,46.25,22.75,29.66,5.64
2,1698303600,720.98,2.4,47.3,45.06,45.78,20.66,26.63,5.57
2,1698307200,787.73,3.86,52.09,38.27,51.98,22.18,27.96,6.08
2,1698310800,834.47,4.25,54.15,32.9,52.93,22.57,28.36,6.21
3,1698314400,2056.12,19.45,66.49,7.87,54.36,47.41,60.19,12.16
5,1698318000,4325.87,68.84,65.12,0.08,62.94,102.86,129.26,18.49
5,1698321600,6355.29,118.02,61.01,0.0,74.39,177.4,220.8,25.08
5,1698325200,8010.86,155.57,61.01,0.0,85.83,258.94,317.24,31.41
5,1698328800,8544.92,171.66,58.26,0.0,88.69,308.36,371.79,30.65
5,1698332400,7690.43,164.51,53.47,0.0,91.55,297.46,355.77,26.85
5,1698336000,5233.76,126.96,43.87,0.0,88.69,207.49,252.81,20.52
5,1698339600,4859.92,123.38,37.01,0.0,70.57,194.62,241.35,18.24
5,1698343200,4379.27,112.65,32.22,0.0,56.27,171.95,219.64,17.23
5,1698346800,3791.81,100.14,28.79,0.0,50.07,153.08,198.45,16.09
5,1698350400,3257.75,91.2,27.76,0.0,52.45,136.38,171.51,14.31
5,1698354000,2563.48,83.15,31.87,0.0,68.66,110.54,135.65,12.29
4,1698357600,1562.12,69.74,47.3,0.0,102.04,71.07,84.65,8.99
4,1698361200,1401.9,73.31,54.15,0.0,115.39,69.07,80.4,9.12
5,1698364800,1548.77,79.57,56.21,0.35,118.26,82.06,95.11,10.39
5,1698368400,5607.6,166.3,33.24,0.87,93.46,289.19,336.9,34.45
5,1698372000,6301.88,191.33,56.89,3.26,121.12,326.31,378.25,29.89
5,1698375600,6462.1,168.09,134.35,14.13,158.31,367.73,421.09,28.88
5,1698379200,2216.34,44.26,104.19,44.7,107.77,130.2,148.57,9.75
5,1698382800,1508.71,15.65,87.05,65.09,83.92,91.39,102.83,7.28
5,1698386400,1482.01,8.38,94.59,67.95,85.83,97.3,108.02,7.28
5,1698390000,1495.36,4.86,104.19,56.51,90.6,105.42,116.12,7.85
5,1698393600,1655.58,4.47,126.12,33.62,105.86,121.3,133.27,9.37
5,1698397200,1869.2,4.08,146.69,10.82,122.07,136.5,149.85,10.51
5,1698400800,2296.45,11.51,154.91,0.95,141.14,146.15,161.6,12.29
5,1698404400,2937.32,31.29,152.17,0.01,158.31,157.25,176.19,13.3
5,1698408000,3364.56,48.28,138.46,0.0,148.77,158.83,180.32,12.92
5,1698411600,3898.62,62.58,111.04,0.0,112.53,162.95,191.88,16.47
5,1698415200,4646.3,79.57,90.48,0.0,93.46,193.24,234.76,23.31
5,1698418800,5393.98,99.24,79.51,0.0,94.41,238.21,291.37,31.41
5,1698422400,5981.45,116.23,76.09,0.0,99.18,284.0,344.61,38.0
5,1698426000,6195.07,130.53,69.23,0.0,89.65,299.13,360.66,33.94
5,1698429600,5928.04,130.53,61.69,0.0,73.43,285.51,338.2,27.87
5,1698433200,5554.2,125.17,55.52,0.0,59.13,275.66,319.5,23.81
5,1698436800,5287.17,119.81,52.78,0.0,49.59,285.02,321.4,20.01
5,1698440400,4859.92,104.61,53.47,0.0,40.05,295.2,325.05,16.72
5,1698444000,4325.87,79.57,53.47,0.0,31.95,290.15,313.7,13.55
5,1698447600,3845.21,57.22,47.3,0.0,26.23,270.79,290.38,11.78
5,1698451200,3471.37,42.92,39.76,0.64,25.99,248.03,266.92,12.54
5,1698454800,3017.43,40.68,55.52,6.08,42.92,220.55,238.74,9.63
5,1698458400,3124.24,48.73,70.6,7.87,64.85,206.04,225.86,11.65
5,1698462000,3284.45,65.27,89.11,3.84,103.0,205.21,227.83,14.69
5,1698465600,1468.66,18.78,71.29,2.57,64.85,81.69,91.99,6.21
3,1698469200,921.25,4.69,56.21,4.43,43.39,39.69,46.2,4.88
3,1698472800,781.06,3.1,47.3,5.9,37.67,26.48,32.06,4.94
2,1698476400,767.71,4.92,45.93,3.08,43.39,22.22,27.43,5.76
2,1698480000,881.2,11.96,45.93,0.61,53.41,23.74,29.24,6.78
2,1698483600,974.66,16.09,46.61,0.31,53.41,24.77,30.56,6.4
3,1698487200,1628.88,30.4,45.24,0.07,49.11,37.56,48.17,8.99
4,1698490800,2750.4,55.43,45.24,0.0,52.45,63.72,81.67,13.43
5,1698494400,3685.0,77.78,45.93,0.0,61.04,99.02,124.88,19.51
5,1698498000,4592.9,97.45,47.98,0.0,71.53,144.08,179.49,27.87
5,1698501600,5447.39,118.02,47.98,0.0,79.15,197.49,242.21,33.94
5,1698505200,6301.88,139.47,45.93,0.0,83.92,255.84,309.4,38.5
5,1698508800,6515.5,151.99,42.5,0.0,77.25,284.25,342.01,36.98
5,1698512400,6248.47,151.99,38.73,0.0,62.94,279.43,334.86,27.87
5,1698516000,5821.23,146.63,35.64,0.0,51.02,265.85,317.56,21.53
5,1698519600,5180.36,132.32,32.22,0.0,41.01,244.04,285.52,18.24
5,1698523200,4699.71,125.17,29.13,0.0,36.72,232.44,267.4,16.21
5,1698526800,4272.46,119.81,28.45,0.0,34.81,225.52,255.13,14.69
5,1698530400,3685.0,103.71,29.13,0.0,30.52,207.94,231.02,12.03
5,1698534000,2910.61,76.89,28.45,0.0,24.56,172.58,189.6,10.01
5,1698537600,2349.85,51.41,28.45,0.04,22.41,135.85,150.54,10.39
5,1698541200,1922.61,38.89,35.3,0.62,30.99,100.38,112.28,8.99
5,1698544800,1922.61,42.92,34.27,0.58,41.96,86.44,98.8,9.88
5,1698548400,1815.8,46.94,35.64,0.39,54.84,75.63,87.75,10.77
3,1698552000,907.9,9.28,40.44,1.9,37.19,31.1,36.25,5.13
2,1698555600,714.3,1.75,38.39,5.32,33.38,19.81,23.61,4.37
2,1698559200,741.0,1.98,40.1,4.11,34.81,20.4,24.72,4.56
3,1698562800,1001.36,15.42,44.55,0.26,52.93,30.42,37.47,7.22
3,1698566400,1441.96,41.13,50.04,0.04,83.92,48.22,58.36,10.01
4,1698570000,1815.8,59.9,56.21,0.09,99.18,62.42,73.6,10.51
4,1698573600,2216.34,66.16,60.32,0.15,88.69,71.51,83.74,11.15
5,1698577200,2696.99,72.42,63.75,0.0,80.11,84.07,98.86,12.03
5,1698580800,2990.72,75.1,66.49,0.0,73.43,100.24,118.41,12.79
5,1698584400,3471.37,78.68,65.8,0.0,66.76,128.31,155.09,17.73
5,1698588000,4112.24,84.94,60.32,0.0,61.99,163.75,201.48,22.8
5,1698591600,4486.08,90.3,54.84,0.0,61.04,193.37,239.01,27.36
5,1698595200,4646.3,94.77,49.35,0.0,58.17,209.83,256.4,28.37
5,1698598800,4272.46,93.88,45.24,0.0,49.59,198.1,233.49,22.29
5,1698602400,3845.21,92.98,42.16,0.0,46.73,190.38,218.79,19.25
5,1698606000,3471.37,87.62,40.1,0.0,41.96,184.46,206.81,20.27
5,1698609600,3204.35,84.94,39.41,0.0,39.1,183.12,201.05,21.79
5,1698613200,3150.94,85.83,39.07,0.0,40.05,187.63,203.0,22.8
5,1698616800,3177.64,90.3,37.36,0.0,44.35,193.29,208.08,22.04
5,1698620400,3044.13,86.72,34.27,0.0,44.82,181.36,196.5,20.77
5,1698624000,2937.32,76.0,31.53,0.02,46.25,161.16,178.63,21.53
5,1698627600,2803.8,74.21,31.87,0.27,61.04,134.35,153.91,20.01
5,1698631200,2910.61,87.62,34.27,0.66,84.88,126.46,149.28,20.27
5,1698634800,2857.21,100.14,43.18,1.3,114.44,117.9,141.42,21.03
3,1698638400,1375.2,35.76,51.41,7.06,74.39,49.12,59.59,10.51
3,1698642000,1134.87,20.34,59.63,6.35,72.48,38.16,45.73,9.12
3,1698645600,1241.68,23.25,66.49,2.39,81.06,40.76,48.45,9.5
4,1698649200,1575.47,46.94,67.86,0.38,107.77,52.82,62.95,12.29
5,1698652800,2189.64,89.41,69.23,0.23,144.96,78.19,91.82,16.09
5,1698656400,2750.4,121.59,72.66,0.2,164.03,100.49,116.79,16.72
5,1698660000,3417.97,132.32,76.77,0.12,148.77,119.51,141.63,17.99
5,1698663600,4112.24,130.53,80.2,0.0,125.89,137.36,167.63,18.75
5,1698667200,4325.87,116.23,82.25,0.0,105.86,152.03,189.29,18.75
5,1698670800,4753.11,103.71,78.83,0.0,87.74,179.07,226.57,22.8
5,1698674400,5180.36,100.14,69.23,0.0,74.39,212.64,270.85,26.85
5,1698678000,5393.98,98.35,59.63,0.0,67.71,237.41,303.54,29.89
5,1698681600,5126.95,93.88,50.04,0.0,55.79,232.7,297.9,27.36
5,1698685200,4219.06,76.89,40.44,0.0,38.15,181.26,227.83,17.23
5,1698688800,3097.53,54.09,31.53,0.0,27.42,124.34,150.42,11.53
5,1698692400,2029.42,28.61,25.36,0.0,19.55,76.25,88.59,8.99
4,1698696000,1815.8,24.59,22.28,0.0,20.27,70.2,80.21,10.64
5,1698699600,1869.2,29.95,21.08,0.0,25.99,78.92,89.4,13.93
5,1698703200,2002.72,40.23,21.08,0.0,34.33,91.07,102.83,16.47
5,1698706800,1922.61,41.57,20.56,0.0,36.72,88.32,101.13,15.45
5,1698710400,1869.2,39.34,20.73,0.22,39.58,80.05,94.96,15.83
4,1698714000,1842.5,44.26,26.05,1.72,53.88,71.24,87.31,15.58
5,1698717600,2082.82,48.73,40.44,6.08,68.66,77.21,97.25,16.97
5,1698721200,1976.01,34.42,64.43,22.17,78.2,75.6,96.33,17.23
3,1698724800,787.73,5.03,35.99,67.95,38.15,25.84,32.96,6.59
2,1698728400,694.27,2.49,37.36,63.66,39.58,20.94,26.14,6.02
3,1698732000,814.44,1.38,54.84,47.92,52.45,26.12,31.79,7.09
3,1698735600,1148.22,3.8,89.11,12.87,84.88,39.92,48.09,10.64
4,1698739200,1762.39,32.63,111.04,1.35,133.51,67.94,80.3,14.82
5,1698742800,2349.85,60.8,117.9,1.17,158.31,94.74,109.89,14.69
5,1698746400,3177.64,78.68,104.19,0.33,127.79,115.29,136.49,14.82
5,1698750000,4325.87,99.24,87.74,0.01,103.0,141.91,173.12,18.24
5,1698753600,5126.95,111.76,78.14,0.0,92.51,173.65,215.11,23.81
5,1698757200,5607.6,116.23,71.29,0.0,87.74,206.72,257.96,30.65
5,1698760800,5874.63,114.44,62.38,0.0,78.2,231.53,288.82,32.93
5,1698764400,5661.01,106.39,52.09,0.0,65.8,235.67,289.7,31.92
5,1698768000,4966.74,90.3,41.81,0.0,50.07,206.69,250.94,26.85
